metric,n,test_index,time_seconds
NO,4000,1,0.078125
BH,4000,1,601.375
tNO,4000,1,1807.578125
tBH,4000,1,40.46875
NO_total,4000,1,1807.65625
BH_total,4000,1,641.84375
