metric,n,worst_time_seconds
NO,4000,0.078125
BH,4000,601.375
tNO,4000,1807.578125
tBH,4000,40.46875
NO_total,4000,1807.65625
BH_total,4000,641.84375
